time,aq_si,fluid_min,phi_min,power,rate,solid_mass,water
0,1,0.65,0.05,6426.8267911346,-1.6101405902947,50,36075.708409659
0.025,1.0392899886545,0.65000236066039,0.049997639339612,6122.8382723927,-1.5715995461774,49.997639339612,36075.629829681
0.05,1.0779708790071,0.65000468472432,0.049995315275677,5841.3888173569,-1.5350536480672,49.995315275677,36075.552467901
0.075,1.115872744543,0.65000696198211,0.04999303801789,5581.3286665488,-1.5004941251016,49.99303801789,36075.47666417
0.1,1.1529698132137,0.65000919088529,0.049990809114713,5340.660359665,-1.4677868095184,49.990809114713,36075.402470032
0.125,1.1892817576007,0.65001137261584,0.049988627384158,5117.368590844,-1.436775289812,49.988627384158,36075.329846143
0.15,1.2248409210196,0.65001350911706,0.049986490882942,4909.6339372366,-1.4073109173915,49.986490882942,36075.258727817
0.175,1.259681641684,0.65001560245208,0.049984397547923,4715.8639078082,-1.379259971483,49.984397547923,36075.189046375
0.2,1.2938369481182,0.65001765460535,0.049982345394646,4534.6742795983,-1.3525039727634,49.982345394646,36075.120735762
0.225,1.3273376864676,0.65001966743022,0.049980332569784,4364.8605587111,-1.3269381722829,49.980332569784,36075.053734286
0.25,1.3602124284182,0.65002164264334,0.049978357356663,4205.3707518483,-1.302469750045,49.978357356663,36074.987984802
0.275,1.3924876116454,0.65002358183317,0.049976418166829,4055.2819861475,-1.2790161546221,49.976418166829,36074.923434435
0.3,1.4241877339668,0.65002548647162,0.04997451352838,3913.7810386786,-1.2565036747393,49.97451352838,36074.860034191
0.325,1.4553355453241,0.65002735792557,0.04997264207443,3780.1482336068,-1.2348662350102,49.97264207443,36074.797738568
0.35,1.4859522221838,0.65002919746737,0.049970802532635,3653.7441051078,-1.2140443844364,49.970802532635,36074.736505214
0.375,1.5160575218861,0.65003100628409,0.049968993715912,3533.998302405,-1.1939844449413,49.968993715912,36074.676294615
0.4,1.5456699183127,0.6500327854857,0.049967214514298,3420.4003111609,-1.1746377915535,49.967214514298,36074.617069822
0.425,1.5748067211369,0.65003453611223,0.049965463887774,3312.4916518777,-1.1559602409196,49.965463887774,36074.558796216
0.45,1.6034841808999,0.65003625914004,0.049963740859959,3209.8592857459,-1.1379115292971,49.963740859959,36074.501441297
0.475,1.6317175819013,0.65003795548747,0.049962044512527,3112.130013201,-1.1204548648197,49.962044512527,36074.444974495
0.5,1.6595213245973,0.65003962601975,0.049960373980254,3018.9656932339,-1.1035565417382,49.960373980254,36074.389367009
0.525,1.68690899894,0.65004127155338,0.049958728446617,2930.0591449651,-1.0871856066384,49.958728446617,36074.334591661
0.55,1.713893449862,0.65004289286015,0.049957107139852,2845.1306192802,-1.0713135684673,49.957107139852,36074.280622759
0.575,1.7404868359303,0.65004449067056,0.049955509329437,2763.9247491054,-1.0559141456566,49.955509329437,36074.227435987
0.6,1.766700682033,0.65004606567708,0.049953934322921,2686.2079034207,-1.0409630447987,49.953934322921,36074.175008295
0.625,1.7925459268385,0.65004761853692,0.049952381463078,2611.7658833249,-1.0264377662749,49.952381463078,36074.123317805
0.65,1.818032965657,0.65004914987468,0.049950850125324,2540.4019091008,-1.0123174329974,49.950850125324,36074.072343727
0.675,1.8431716892473,0.65005066028461,0.049949339715395,2471.9348558224,-0.99858263904886,49.949339715395,36074.02206628
0.7,1.867971519036,0.65005215033278,0.049947849667222,2406.1977020478,-0.98521531551372,49.947849667222,36073.972466621
0.725,1.8924414391524,0.65005362055899,0.049946379441011,2343.0361618472,-0.97219861121408,49.946379441011,36073.92352678
0.75,1.9165900256314,0.65005507147851,0.04994492852149,2282.3074751153,-0.95951678641045,49.94492852149,36073.875229607
0.775,1.940425473088,0.6500565035837,0.0499434964163,2223.8793349822,-0.94715511781507,49.9434964163,36073.827558712
0.8,1.963955619132,0.65005791734546,0.049942082654536,2167.6289343455,-0.93509981350609,49.942082654536,36073.78049842
0.825,1.9871879667555,0.65005931321461,0.049940686785393,2113.4421162127,-0.92333793653193,49.940686785393,36073.734033725
0.85,2.0101297048994,0.65006069162306,0.04993930837694,2061.2126147688,-0.91185733616398,49.93930837694,36073.688150249
0.875,2.032787727379,0.65006205298502,0.049937947014976,2010.8413759508,-0.90064658589896,49.937947014976,36073.642834204
0.9,2.0551686503294,0.65006339769802,0.049936602301982,1962.2359478838,-0.88969492743241,49.936602301982,36073.598072358
0.925,2.0772788283117,0.65006472614384,0.049935273856158,1915.3099328539,-0.87899221992773,49.935273856158,36073.553852002
0.95,2.0991243692056,0.65006603868947,0.049933961310525,1869.9824936217,-0.86852889399259,49.933961310525,36073.51016092
0.975,2.1207111480011,0.65006733568791,0.049932664312095,1826.1779078301,-0.85829590984913,49.932664312095,36073.466987363
1,2.1420448195871,0.6500686174789,0.049931382521105,1783.8251650758,-0.84828471924865,49.931382521105,36073.424320019
1.025,2.163130830628,0.6500698843897,0.049930115610303,1742.857601908,-0.83848723073638,49.930115610303,36073.382147997
1.05,2.183974430607,0.65007113673571,0.049928863264286,1703.2125706149,-0.8288957779197,49.928863264286,36073.340460797
1.075,2.2045806821072,0.65007237482112,0.049927625178877,1664.8311381699,-0.81950309043415,49.927625178877,36073.299248294
1.1,2.2249544703962,0.65007359893944,0.049926401060555,1627.6578121525,-0.81030226733713,49.926401060555,36073.258500718
1.125,2.2451005123708,0.65007480937408,0.049925190625915,1591.6402908388,-0.80128675269042,49.925190625915,36073.218208634
1.15,2.2650233649143,0.65007600639883,0.049923993601166,1556.7292349899,-0.7924503131192,49.923993601166,36073.178362929
1.175,2.2847274327147,0.65007719027834,0.04992280972166,1522.8780591508,-0.78378701715933,49.92280972166,36073.138954793
1.2,2.3042169755853,0.65007836126854,0.049921638731456,1490.0427405244,-0.77529121622482,49.921638731456,36073.099975707
1.225,2.3234961153263,0.6500795196171,0.049920480382903,1458.1816437032,-0.76695752704567,49.920480382903,36073.061417428
1.25,2.342568842164,0.65008066556374,0.049919334436256,1427.2553597301,-0.75878081544228,49.919334436256,36073.023271974
1.275,2.3614390207985,0.65008179934069,0.049918200659313,1397.2265581291,-0.75075618131639,49.918200659313,36072.985531617
1.3,2.3801103960892,0.65008292117293,0.049917078827072,1368.0598506926,-0.74287894475105,49.917078827072,36072.948188866
1.325,2.3985865984048,0.65008403127859,0.049915968721408,1339.7216659396,-0.73514463312284,49.915968721408,36072.911236462
1.35,2.4168711486623,0.65008512986923,0.049914870130775,1312.1801332744,-0.72754896913956,49.914870130775,36072.874667361
1.375,2.4349674630769,0.65008621715008,0.049913782849916,1285.4049759762,-0.72008785972474,49.913782849916,36072.838474732
1.4,2.4528788576431,0.6500872933204,0.049912706679596,1259.3674122362,-0.71275738567846,49.912706679596,36072.802651943
1.425,2.470608552366,0.65008835857365,0.049911641426348,1234.0400635398,-0.70555379205025,49.911641426348,36072.767192554
1.45,2.4881596752597,0.65008941309777,0.049910586902231,1209.396869762,-0.6984734791663,49.910586902231,36072.732090308
1.475,2.5055352661286,0.65009045707539,0.049909542924605,1185.4130104013,-0.69151299425854,49.909542924605,36072.697339126
1.5,2.5227382801457,0.65009149068409,0.049908509315914,1162.0648314406,-0.68466902364763,49.908509315914,36072.662933098
1.525,2.539771591242,0.65009251409652,0.049907485903483,1139.3297773644,-0.67793838543693,49.907485903483,36072.628866476
1.55,2.5566379953187,0.65009352748067,0.049906472519327,1117.1863279125,-0.67131802267772,49.906472519327,36072.595133668
1.575,2.5733402132938,0.65009453100004,0.049905468999965,1095.613939185,-0.66480499696982,49.905468999965,36072.561729232
1.6,2.5898808939932,0.65009552481375,0.049904475186246,1074.5929887523,-0.65839648246497,49.904475186246,36072.528647871
1.625,2.6062626168971,0.65009650907681,0.049903490923189,1054.1047244521,-0.65208976024276,49.903490923189,36072.495884425
1.65,2.6224878947489,0.65009748394018,0.04990251605982,1034.1312165868,-0.64588221303204,49.90251605982,36072.463433869
1.675,2.6385591760371,0.65009844955097,0.049901550449026,1014.6553132581,-0.63977132025244,49.901550449026,36072.431291307
1.7,2.6544788473557,0.65009940605259,0.049900593947414,995.66059860017,-0.6337546533533,49.900593947414,36072.399451964
1.725,2.6702492356523,0.65010035358483,0.049899646415174,977.13135369227,-0.6278298714287,49.899646415174,36072.367911187
1.75,2.6858726103694,0.65010129228405,0.049898707715951,959.05251995113,-0.62199471708942,49.898707715951,36072.336664438
1.775,2.7013511854846,0.65010222228328,0.049897777716722,941.40966482052,-0.61624701257392,49.897777716722,36072.305707288
1.8,2.7166871214578,0.65010314371232,0.049896856287681,924.1889495903,-0.61058465608201,49.896856287681,36072.275035416
1.825,2.7318825270874,0.65010405669787,0.049895943302125,907.37709919124,-0.60500561831613,49.895943302125,36072.244644604
1.85,2.7469394612842,0.65010496136365,0.049895038636348,890.96137382485,-0.59950793921628,49.895038636348,36072.214530736
1.875,2.7618599347644,0.65010585783046,0.04989414216954,874.92954229849,-0.59408972487585,49.89414216954,36072.184689789
1.9,2.7766459116683,0.65010674621631,0.049893253783689,859.26985694669,-0.58874914462643,49.893253783689,36072.155117835
1.925,2.7912993111076,0.65010762663651,0.049892373363491,843.97103002897,-0.58348442828067,49.892373363491,36072.125811036
1.95,2.805822008646,0.65010849920375,0.049891500796254,829.0222115032,-0.578293863523,49.891500796254,36072.096765641
1.975,2.8202158377162,0.65010936402818,0.049890635971822,814.41296808124,-0.57317579343894,49.890635971822,36072.067977983
2,2.8344825909758,0.65011022121751,0.049889778782486,800.13326348097,-0.56812861417414,49.889778782486,36072.039444477
2.025,2.8486240216076,0.65011107087709,0.04988892912291,786.17343979515,-0.56315077271515,49.88892912291,36072.011161615
2.05,2.8626418445646,0.65011191310995,0.049888086890053,772.52419990387,-0.55824076478449,49.888086890053,36071.983125969
2.075,2.8765377377643,0.6501127480169,0.049887251983102,759.17659086259,-0.55339713284293,49.887251983102,36071.955334183
2.1,2.8903133432341,0.6501135756966,0.049886424303398,746.12198820266,-0.5486184641926,49.886424303398,36071.927782972
2.125,2.9039702682103,0.65011439624562,0.049885603754375,733.35208108656,-0.54390338917484,49.885603754375,36071.900469122
2.15,2.9175100861933,0.65011520975851,0.049884790241491,720.8588582632,-0.53925057945727,49.884790241491,36071.873389486
2.175,2.930934337961,0.65011601632783,0.049883983672172,708.63459477367,-0.53465874640474,49.883983672172,36071.846540983
2.2,2.9442445325424,0.65011681604425,0.049883183955751,696.67183936046,-0.53012663952939,49.883183955751,36071.819920594
2.225,2.9574421481532,0.65011760899659,0.049882391003412,684.96340253714,-0.52565304501521,49.882391003412,36071.793525362
2.25,2.9705286330953,0.65011839527186,0.049881604728138,673.50234527819,-0.52123678431288,49.881604728138,36071.767352392
2.275,2.9835054066227,0.65011917495535,0.049880825044654,662.28196829135,-0.51687671280093,49.880825044654,36071.741398845
2.3,2.9963738597736,0.65011994813062,0.049880051869383,651.29580183788,-0.51257171850946,49.880051869383,36071.715661939
2.325,3.0091353561723,0.6501207148796,0.049879285120395,640.53759606806,-0.50832072090304,49.879285120395,36071.690138946
2.35,3.0217912328006,0.65012147528264,0.04987852471736,630.00131184164,-0.50412266971949,49.87852471736,36071.664827193
2.375,3.034342800741,0.6501222294185,0.049877770581503,619.68111200504,-0.49997654386149,49.877770581503,36071.639724057
2.4,3.0467913458934,0.65012297736444,0.049877022635565,609.57135309876,-0.49588135033814,49.877022635565,36071.614826967
2.425,3.0591381296652,0.65012371919624,0.049876280803755,599.66657747049,-0.49183612325395,49.876280803755,36071.590133399
2.45,3.0713843896364,0.65012445498828,0.049875545011717,589.96150577081,-0.48783992284252,49.875545011717,36071.565640879
2.475,3.0835313402026,0.65012518481351,0.049874815186487,580.45102980988,-0.48389183454278,49.874815186487,36071.541346978
2.5,3.0955801731932,0.65012590874355,0.049874091256454,571.13020575495,-0.4799909681154,49.874091256454,36071.517249312
2.525,3.10753205847,0.65012662684867,0.049873373151331,561.99424764991,-0.47613645679741,49.873373151331,36071.493345542
2.55,3.1193881445039,0.65012733919789,0.049872660802114,553.03852123899,-0.47232745649302,49.872660802114,36071.46963337
2.575,3.1311495589318,0.65012804585895,0.049871954141051,544.2585380782,-0.4685631449988,49.871954141051,36071.446110541
2.6,3.1428174090954,0.65012874689839,0.049871253101609,535.64994991883,-0.46484272126154,49.871253101609,36071.42277484
2.625,3.1543927825611,0.65012944238155,0.049870557618445,527.20854334844,-0.46116540466705,49.870557618445,36071.399624093
2.65,3.1658767476223,0.65013013237263,0.049869867627373,518.93023467564,-0.45753043435852,49.869867627373,36071.376656163
2.675,3.1772703537858,0.65013081693467,0.049869183065333,510.81106504582,-0.45393706858285,49.869183065333,36071.353868951
2.7,3.1885746322413,0.65013149612963,0.049868503870371,502.84719577557,-0.45038458406362,49.868503870371,36071.331260394
2.725,3.1997905963165,0.6501321700184,0.049867829981601,495.03490389466,-0.44687227539952,49.867829981601,36071.308828466
2.75,3.2109192419163,0.65013283866081,0.049867161339188,487.37057788459,-0.4433994544868,49.867161339188,36071.286571175
2.775,3.221961547949,0.65013350211569,0.049866497884315,479.8507136039,-0.43996544996482,49.866497884315,36071.264486563
2.8,3.232918476738,0.65013416044084,0.049865839559162,472.47191039051,-0.43656960668351,49.865839559162,36071.242572705
2.825,3.2437909744208,0.65013481369312,0.049865186306884,465.23086733232,-0.43321128519165,49.865186306884,36071.22082771
2.85,3.2545799713358,0.65013546192842,0.049864538071582,458.12437969761,-0.42988986124511,49.864538071582,36071.199249716
2.875,3.2652863823964,0.65013610520171,0.049863894798286,451.14933551718,-0.4266047253341,49.863894798286,36071.177836894
2.9,3.2759111074538,0.65013674356707,0.049863256432931,444.30271231092,-0.42335528222853,49.863256432931,36071.156587444
2.925,3.2864550316486,0.65013737707767,0.049862622922333,437.58157395154,-0.42014095054061,49.862622922333,36071.135499595
2.95,3.2969190257519,0.65013800578582,0.049861994214176,430.98306765896,-0.41696116230408,49.861994214176,36071.114571607
2.975,3.3073039464958,0.65013862974302,0.049861370256983,424.50442111889,-0.41381536256914,49.861370256983,36071.093801766
3,3.317610636894,0.6501392489999,0.049860751000103,418.14293971981,-0.41070300901248,49.860751000103,36071.073188385
3.025,3.3278399265528,0.65013986360631,0.049860136393693,411.89600390249,-0.40762357156169,49.860136393693,36071.052729806
3.05,3.3379926319729,0.65014047361131,0.049859526388693,405.761066617,-0.40457653203351,49.859526388693,36071.032424395
3.075,3.3480695568427,0.65014107906318,0.049858920936816,399.73565088184,-0.40156138378522,49.858920936816,36071.012270545
3.1,3.3580714923223,0.65014168000947,0.049858319990527,393.81734744072,-0.39857763137859,49.858319990527,36070.992266674
3.125,3.3679992173197,0.65014227649697,0.049857723503026,388.00381251228,-0.39562479025603,49.857723503026,36070.972411224
3.15,3.3778534987594,0.65014286857177,0.049857131428234,382.29276562855,-0.39270238642815,49.857131428234,36070.952702661
3.175,3.3876350918421,0.65014345627922,0.049856543720777,376.68198755802,-0.38980995617245,49.856543720777,36070.933139475
3.2,3.3973447402987,0.65014403966403,0.049855960335969,371.1693183096,-0.38694704574263,49.855960335969,36070.913720178
3.225,3.4069831766357,0.6501446187702,0.049855381229798,365.75265521366,-0.38411321108801,49.855381229798,36070.894443305
3.25,3.4165511223745,0.65014519364109,0.049854806358914,360.42995107685,-0.38130801758269,49.854806358914,36070.875307414
3.275,3.4260492882834,0.65014576431939,0.049854235680612,355.19921240728,-0.37853103976409,49.854235680612,36070.856311082
3.3,3.4354783746044,0.65014633084718,0.049853669152819,350.05849770702,-0.37578186108037,49.853669152819,36070.837452909
3.325,3.4448390712722,0.65014689326592,0.049853106734081,345.00591582901,-0.37306007364652,49.853106734081,36070.818731516
3.35,3.4541320581283,0.65014745161645,0.049852548383551,340.03962439537,-0.37036527800858,49.852548383551,36070.800145542
3.375,3.4633580051289,0.65014800593902,0.049851994060978,335.15782827473,-0.3676970829159,49.851994060978,36070.781693648
3.4,3.4725175725474,0.65014855627331,0.049851443726689,330.35877811576,-0.36505510510093,49.851443726689,36070.763374514
3.425,3.4816114111714,0.65014910265842,0.049850897341583,325.64076893461,-0.36243896906625,49.850897341583,36070.745186836
3.45,3.490640162494,0.65014964513288,0.049850354867117,321.00213875411,-0.35984830687871,49.850354867117,36070.727129334
3.475,3.4996044589011,0.6501501837347,0.049849816265296,316.44126729217,-0.35728275797025,49.849816265296,36070.709200741
3.5,3.5085049238525,0.65015071850134,0.04984928149866,311.9565746977,-0.35474196894521,49.84928149866,36070.691399811
3.525,3.5173421720596,0.65015124946972,0.049848750530276,307.54652033179,-0.35222559339381,49.848750530276,36070.673725315
3.55,3.5261168096571,0.65015177667627,0.049848223323725,303.20960159245,-0.34973329171172,49.848223323725,36070.656176039
3.575,3.5348294343717,0.65015230015691,0.049847699843095,298.94435278094,-0.34726473092525,49.847699843095,36070.63875079
3.6,3.5434806356853,0.65015281994703,0.049847180052966,294.74934400816,-0.3448195845222,49.847180052966,36070.621448387
3.625,3.5520709949946,0.65015333608159,0.049846663918408,290.62318013927,-0.34239753228799,49.846663918408,36070.604267669
3.65,3.5606010857668,0.65015384859504,0.049846151404964,286.56449977519,-0.33999826014688,49.846151404964,36070.587207487
3.675,3.569071473691,0.65015435752135,0.049845642478646,282.57197426932,-0.3376214600082,49.845642478646,36070.570266711
3.7,3.577482716826,0.65015486289408,0.049845137105925,278.64430677817,-0.33526682961728,49.845137105925,36070.553444225
3.725,3.5858353657446,0.65015536474628,0.04984463525372,274.78023134454,-0.332934072411,49.84463525372,36070.536738927
3.75,3.5941299636737,0.65015586311061,0.049844136889393,270.97851201182,-0.33062289737774,49.844136889393,36070.520149731
3.775,3.6023670466321,0.65015635801926,0.049843641980737,267.23794196846,-0.32833301892159,49.843641980737,36070.503675565
3.8,3.6105471435637,0.65015684950403,0.049843150495973,263.55734272114,-0.32606415673063,49.843150495973,36070.487315371
3.825,3.6186707764684,0.65015733759626,0.049842662403737,259.93556329564,-0.32381603564921,49.842662403737,36070.471068106
3.85,3.6267384605292,0.65015782232692,0.049842177673076,256.37147946448,-0.321588385554,49.842177673076,36070.454932738
3.875,3.6347507042367,0.65015830372656,0.049841696273437,252.86399299995,-0.31938094123379,49.841696273437,36070.43890825
3.9,3.6427080095104,0.65015878182534,0.049841218174665,249.41203095189,-0.3171934422727,49.841218174665,36070.42299364
3.925,3.6506108718173,0.65015925665301,0.049840743346989,246.01454494917,-0.31502563293699,49.840743346989,36070.407187915
3.95,3.6584597802873,0.65015972823898,0.049840271761021,242.67051052382,-0.312877262065,49.840271761021,36070.391490098
3.975,3.6662552178267,0.65016019661225,0.049839803387747,239.37892645721,-0.31074808296043,49.839803387747,36070.375899223
4,3.673997661228,0.65016066180148,0.04983933819852,236.13881414725,-0.3086378532886,49.83933819852,36070.360414336
4.025,3.681687581278,0.65016112383495,0.049838876165054,232.94921699596,-0.30654633497572,49.838876165054,36070.345034496
4.05,3.6893254428632,0.65016158274058,0.049838417259416,229.8091998165,-0.30447329411102,49.838417259416,36070.329758773
4.075,3.6969117050724,0.65016203854598,0.049837961454024,226.71784825916,-0.30241850085169,49.837961454024,36070.314586248
4.1,3.7044468212977,0.65016249127836,0.049837508721636,223.67426825536,-0.30038172933044,49.837508721636,36070.299516016
4.125,3.7119312393322,0.65016294096465,0.049837059035347,220.67758547924,-0.29836275756574,49.837059035347,36070.28454718
4.15,3.7193654014666,0.65016338763142,0.049836612368584,217.72694482602,-0.29636136737445,49.836612368584,36070.269678856
4.175,3.7267497445828,0.6501638313049,0.049836168695096,214.82150990663,-0.29437734428699,49.836168695096,36070.254910169
4.2,3.734084700246,0.65016427201104,0.049835727988955,211.96046255796,-0.29241047746478,49.835727988955,36070.240240258
4.225,3.741370694794,0.65016470977546,0.049835290224545,209.14300236823,-0.29046055961994,49.835290224545,36070.225668269
4.25,3.7486081494257,0.65016514462344,0.049834855376558,206.36834621688,-0.28852738693725,49.834855376558,36070.21119336
4.275,3.7557974802862,0.65016557658001,0.049834423419992,203.63572782856,-0.28661075899816,49.834423419992,36070.196814698
4.3,3.7629390985515,0.65016600566986,0.049833994330142,200.9443973405,-0.28471047870689,49.833994330142,36070.182531462
4.325,3.7700334105102,0.6501664319174,0.049833568082596,198.2936208832,-0.28282635221849,49.833568082596,36070.168342838
4.35,3.7770808176443,0.65016685534677,0.049833144653233,195.68268017349,-0.28095818886885,49.833144653233,36070.154248023
4.375,3.7840817167074,0.65016727598178,0.049832724018215,193.11087211988,-0.27910580110658,49.832724018215,36070.140246225
4.4,3.7910364998022,0.65016769384602,0.049832306153982,190.57750843965,-0.27726900442663,49.832306153982,36070.126336659
4.425,3.7979455544556,0.65016810896275,0.049831891037252,188.08191528727,-0.27544761730574,49.831891037252,36070.11251855
4.45,3.8048092636924,0.65016852135499,0.04983147864501,185.62343289378,-0.27364146113952,49.83147864501,36070.098791131
4.475,3.8116280061077,0.65016893104549,0.049831068954509,183.20141521676,-0.27185036018119,49.831068954509,36070.085153646
4.5,3.8184021559374,0.65016933805674,0.049830661943265,180.81522960053,-0.2700741414819,49.830661943265,36070.071605347
4.525,3.8251320831279,0.65016974241095,0.049830257589049,178.4642564462,-0.26831263483266,49.830257589049,36070.058145492
4.55,3.8318181534032,0.65017014413011,0.049829855869889,176.14788889132,-0.2665656727076,49.829855869889,36070.044773352
4.575,3.8384607283318,0.65017054323594,0.04982945676406,173.86553249874,-0.26483309020884,49.82945676406,36070.031488202
4.6,3.8450601653915,0.65017093974992,0.049829060250083,171.61660495433,-0.26311472501271,49.829060250083,36070.018289328
4.625,3.8516168180334,0.65017133369328,0.049828666306722,169.40053577345,-0.26141041731725,49.828666306722,36070.005176023
4.65,3.8581310357438,0.65017172508702,0.049828274912979,167.21676601566,-0.25972000979119,49.828274912979,36069.992147587
4.675,3.8646031641061,0.65017211395191,0.049827886048091,165.06474800753,-0.25804334752403,49.827886048091,36069.97920333
4.7,3.8710335448598,0.65017250030848,0.049827499691524,162.9439450733,-0.25638027797752,49.827499691524,36069.966342569
4.725,3.87742251596,0.65017288417703,0.049827115822974,160.853831273,-0.25473065093824,49.827115822974,36069.953564627
4.75,3.8837704116346,0.65017326557764,0.049826734422358,158.79389114798,-0.25309431847136,49.826734422358,36069.940868835
4.775,3.8900775624407,0.65017364453018,0.049826355469816,156.76361947344,-0.25147113487564,49.826355469816,36069.928254534
4.8,3.89634429532,0.6501740210543,0.049825978945704,154.76252101783,-0.24986095663936,49.825978945704,36069.915721068
4.825,3.9025709336531,0.65017439516941,0.049825604830593,152.79011030887,-0.24826364239748,49.825604830593,36069.903267791
4.85,3.9087577973123,0.65017476689474,0.049825233105264,150.84591140603,-0.2466790528897,49.825233105264,36069.890894064
4.875,3.914905202714,0.65017513624929,0.049824863750705,148.92945767914,-0.2451070509197,49.824863750705,36069.878599253
4.9,3.9210134628699,0.65017550325189,0.04982449674811,147.04029159311,-0.24354750131516,49.82449674811,36069.866382733
4.925,3.9270828874394,0.65017586792113,0.049824132078874,145.17796449756,-0.24200027088817,49.824132078874,36069.854243884
4.95,3.9331137827719,0.65017623027541,0.04982376972459,143.3420364253,-0.24046522839916,49.82376972459,36069.842182093
4.975,3.9391064519607,0.65017659033295,0.049823409667047,141.53207589204,-0.23894224451821,49.823409667047,36069.830196755
5,3.9450611948893,0.65017694811177,0.049823051888228,139.74765970367,-0.23743119178907,49.823051888228,36069.818287269
