x,aq_si,solid_si
9.765625000000000000e-04,5.152534519839134575e+00,8.332021534619705108e+02
2.929687500000000000e-03,5.152530394303151517e+00,8.332021132954452014e+02
4.882812500000000000e-03,5.152522143412735289e+00,8.332020329639022975e+02
6.835937500000000000e-03,5.152509767530927043e+00,8.332019124703613215e+02
8.789062500000000000e-03,5.152493267202289395e+00,8.332017518193480328e+02
1.074218750000000000e-02,5.152472643152855802e+00,8.332015510168993160e+02
1.269531250000000000e-02,5.152447896290070162e+00,8.332013100705620445e+02
1.464843750000000000e-02,5.152419027702764609e+00,8.332010289893847812e+02
1.660156250000000000e-02,5.152386038661028955e+00,8.332007077839335807e+02
1.855468750000000000e-02,5.152348930616232892e+00,8.332003464662722081e+02
2.050781250000000000e-02,5.152307705200826149e+00,8.331999450499803288e+02
2.246093750000000000e-02,5.152262364228318958e+00,8.331995035501377060e+02
2.441406250000000000e-02,5.152212909693115961e+00,8.331990219833348874e+02
2.636718750000000000e-02,5.152159343770454036e+00,8.331985003676632004e+02
2.832031250000000000e-02,5.152101668816217561e+00,8.331979387227239613e+02
3.027343750000000000e-02,5.152039887366789195e+00,8.331973370696192660e+02
3.222656250000000000e-02,5.151974002138928199e+00,8.331966954309532412e+02
3.417968750000000000e-02,5.151904016029605238e+00,8.331960138308367050e+02
3.613281250000000000e-02,5.151829932115775001e+00,8.331952922948785272e+02
3.808593750000000000e-02,5.151751753654247423e+00,8.331945308501883574e+02
4.003906250000000000e-02,5.151669484081420336e+00,8.331937295253775346e+02
4.199218750000000000e-02,5.151583127013151575e+00,8.331928883505537442e+02
4.394531250000000000e-02,5.151492686244464991e+00,8.331920073573243144e+02
4.589843750000000000e-02,5.151398165749343505e+00,8.331910865787883722e+02
4.785156250000000000e-02,5.151299569680501733e+00,8.331901260495457109e+02
4.980468750000000000e-02,5.151196902369086672e+00,8.331891258056857623e+02
5.175781250000000000e-02,5.151090168324464535e+00,8.331880858847906666e+02
5.371093750000000000e-02,5.150979372233920550e+00,8.331870063259362951e+02
5.566406250000000000e-02,5.150864518962332994e+00,8.331858871696838378e+02
5.761718750000000000e-02,5.150745613551962698e+00,8.331847284580867381e+02
5.957031250000000000e-02,5.150622661222054255e+00,8.331835302346810295e+02
6.152343750000000000e-02,5.150495667368566011e+00,8.331822925444865859e+02
6.347656250000000000e-02,5.150364637563839665e+00,8.331810154340140571e+02
6.542968750000000000e-02,5.150229577556232563e+00,8.331796989512479286e+02
6.738281250000000000e-02,5.150090493269796177e+00,8.331783431456516382e+02
6.933593750000000000e-02,5.149947390803875535e+00,8.331769480681723508e+02
7.128906250000000000e-02,5.149800276432784152e+00,8.331755137712286796e+02
7.324218750000000000e-02,5.149649156605389244e+00,8.331740403087144387e+02
7.519531250000000000e-02,5.149494037944722713e+00,8.331725277359931852e+02
7.714843750000000000e-02,5.149334927247584126e+00,8.331709761099020852e+02
7.910156250000000000e-02,5.149171831484121498e+00,8.331693854887430462e+02
8.105468750000000000e-02,5.149004757797400522e+00,8.331677559322845354e+02
8.300781250000000000e-02,5.148833713502986242e+00,8.331660875017571470e+02
8.496093750000000000e-02,5.148658706088474091e+00,8.331643802598521233e+02
8.691406250000000000e-02,5.148479743213074222e+00,8.331626342707227195e+02
8.886718750000000000e-02,5.148296832707095483e+00,8.331608495999738579e+02
9.082031250000000000e-02,5.148109982571497767e+00,8.331590263146694042e+02
9.277343750000000000e-02,5.147919200977422172e+00,8.331571644833179562e+02
9.472656250000000000e-02,5.147724496265656313e+00,8.331552641758809159e+02
9.667968750000000000e-02,5.147525876946157375e+00,8.331533254637662367e+02
9.863281250000000000e-02,5.147323351697536076e+00,8.331513484198241031e+02
1.005859375000000000e-01,5.147116929366507776e+00,8.331493331183428381e+02
1.025390625000000000e-01,5.146906618967395097e+00,8.331472796350545877e+02
1.044921875000000000e-01,5.146692429681540837e+00,8.331451880471214508e+02
1.064453125000000000e-01,5.146474370856801706e+00,8.331430584331387763e+02
1.083984375000000000e-01,5.146252452006925715e+00,8.331408908731351630e+02
1.103515625000000000e-01,5.146026682811048580e+00,8.331386854485579079e+02
1.123046875000000000e-01,5.145797073113033804e+00,8.331364422422850566e+02
1.142578125000000000e-01,5.145563632920968189e+00,8.331341613386097151e+02
1.162109375000000000e-01,5.145326372406477944e+00,8.331318428232452789e+02
1.181640625000000000e-01,5.145085301904154029e+00,8.331294867833163380e+02
1.201171875000000000e-01,5.144840431910960632e+00,8.331270933073587912e+02
1.220703125000000000e-01,5.144591773085548603e+00,8.331246624853182539e+02
1.240234375000000000e-01,5.144339336247671035e+00,8.331221944085423274e+02
1.259765625000000000e-01,5.144083132377496703e+00,8.331196891697761657e+02
1.279296875000000000e-01,5.143823172614943040e+00,8.331171468631671360e+02
1.298828125000000000e-01,5.143559468259096157e+00,8.331145675842543596e+02
1.318359375000000000e-01,5.143292030767447010e+00,8.331119514299612092e+02
1.337890625000000000e-01,5.143020871755220824e+00,8.331092984986072452e+02
1.357421875000000000e-01,5.142746002994734944e+00,8.331066088898884345e+02
1.376953125000000000e-01,5.142467436414659865e+00,8.331038827048811299e+02
1.396484375000000000e-01,5.142185184099341555e+00,8.331011200460358168e+02
1.416015625000000000e-01,5.141899258288026076e+00,8.330983210171767723e+02
1.435546875000000000e-01,5.141609671374190782e+00,8.330954857234931978e+02
1.455078125000000000e-01,5.141316435904800031e+00,8.330926142715344440e+02
1.474609375000000000e-01,5.141019564579574208e+00,8.330897067692203564e+02
1.494140625000000000e-01,5.140719070250165501e+00,8.330867633258162641e+02
1.513671875000000000e-01,5.140414965919533508e+00,8.330837840519425299e+02
1.533203125000000000e-01,5.140107264741037518e+00,8.330807690595627264e+02
1.552734375000000000e-01,5.139795980017776600e+00,8.330777184619950049e+02
1.572265625000000000e-01,5.139481125201746714e+00,8.330746323738821957e+02
1.591796875000000000e-01,5.139162713893067114e+00,8.330715109112094297e+02
1.611328125000000000e-01,5.138840759839163219e+00,8.330683541912909504e+02
1.630859375000000000e-01,5.138515276934016107e+00,8.330651623327669313e+02
1.650390625000000000e-01,5.138186279217315189e+00,8.330619354555966538e+02
1.669921875000000000e-01,5.137853780873600229e+00,8.330586736810612365e+02
1.689453125000000000e-01,5.137517796231518830e+00,8.330553771317481733e+02
1.708984375000000000e-01,5.137178339762940915e+00,8.330520459315588369e+02
1.728515625000000000e-01,5.136835426082102529e+00,8.330486802056917668e+02
1.748046875000000000e-01,5.136489069944803809e+00,8.330452800806488085e+02
1.767578125000000000e-01,5.136139286247543900e+00,8.330418456842244268e+02
1.787109375000000000e-01,5.135786090026612349e+00,8.330383771454985435e+02
1.806640625000000000e-01,5.135429496457272869e+00,8.330348745948418809e+02
1.826171875000000000e-01,5.135069520852879599e+00,8.330313381638970895e+02
1.845703125000000000e-01,5.134706178663964948e+00,8.330277679855877295e+02
1.865234375000000000e-01,5.134339485477388720e+00,8.330241641941030366e+02
1.884765625000000000e-01,5.133969457015404636e+00,8.330205269248967852e+02
1.904296875000000000e-01,5.133596109134802354e+00,8.330168563146817178e+02
1.923828125000000000e-01,5.133219457825969556e+00,8.330131525014304543e+02
1.943359375000000000e-01,5.132839519211963797e+00,8.330094156243554835e+02
1.962890625000000000e-01,5.132456309547640316e+00,8.330056458239208723e+02
1.982421875000000000e-01,5.132069845218683035e+00,8.330018432418247585e+02
2.001953125000000000e-01,5.131680142740692396e+00,8.329980080210008282e+02
2.021484375000000000e-01,5.131287218758235014e+00,8.329941403056083118e+02
2.041015625000000000e-01,5.130891090043921743e+00,8.329902402410339164e+02
2.060546875000000000e-01,5.130491773497428909e+00,8.329863079738752276e+02
2.080078125000000000e-01,5.130089286144577265e+00,8.329823436519455981e+02
2.099609375000000000e-01,5.129683645136305259e+00,8.329783474242626653e+02
2.119140625000000000e-01,5.129274867747814604e+00,8.329743194410474416e+02
2.138671875000000000e-01,5.128862971377471602e+00,8.329702598537118092e+02
2.158203125000000000e-01,5.128447973545934957e+00,8.329661688148627263e+02
2.177734375000000000e-01,5.128029891895116599e+00,8.329620464782823319e+02
2.197265625000000000e-01,5.127608744187194922e+00,8.329578929989364724e+02
2.216796875000000000e-01,5.127184548303645784e+00,8.329537085329653792e+02
2.236328125000000000e-01,5.126757322244268167e+00,8.329494932376654788e+02
2.255859375000000000e-01,5.126327084126089062e+00,8.329452472715061049e+02
2.275390625000000000e-01,5.125893852182485944e+00,8.329409707941027818e+02
2.294921875000000000e-01,5.125457644762043685e+00,8.329366639662180205e+02
2.314453125000000000e-01,5.125018480327688586e+00,8.329323269497647289e+02
2.333984375000000000e-01,5.124576377455500875e+00,8.329279599077855210e+02
2.353515625000000000e-01,5.124131354833829199e+00,8.329235630044536265e+02
2.373046875000000000e-01,5.123683431262181287e+00,8.329191364050707307e+02
2.392578125000000000e-01,5.123232625650255834e+00,8.329146802760559467e+02
2.412109375000000000e-01,5.122778957016817181e+00,8.329101947849293310e+02
2.431640625000000000e-01,5.122322444488750293e+00,8.329056801003331429e+02
2.451171875000000000e-01,5.121863107299963858e+00,8.329011363919958058e+02
2.470703125000000000e-01,5.121400964790352006e+00,8.328965638307441850e+02
2.490234375000000000e-01,5.120936036404732938e+00,8.328919625884923335e+02
2.509765625000000000e-01,5.120468341691825742e+00,8.328873328382276213e+02
2.529296875000000000e-01,5.119997900303146388e+00,8.328826747540201723e+02
2.548828125000000000e-01,5.119524731991991651e+00,8.328779885110010355e+02
2.568359375000000000e-01,5.119048856612336884e+00,8.328732742853610489e+02
2.587890625000000000e-01,5.118570294117821717e+00,8.328685322543459506e+02
2.607421875000000000e-01,5.118089064560577661e+00,8.328637625962547872e+02
2.626953125000000000e-01,5.117605188090259993e+00,8.328589654904166082e+02
2.646484375000000000e-01,5.117118684952925989e+00,8.328541411172003563e+02
2.666015625000000000e-01,5.116629575489967330e+00,8.328492896580009983e+02
2.685546875000000000e-01,5.116137880136974125e+00,8.328444112952328169e+02
2.705078125000000000e-01,5.115643619422727717e+00,8.328395062123264552e+02
2.724609375000000000e-01,5.115146813968062034e+00,8.328345745937140236e+02
2.744140625000000000e-01,5.114647484484799556e+00,8.328296166248297823e+02
2.763671875000000000e-01,5.114145651774635759e+00,8.328246324921040014e+02
2.783203125000000000e-01,5.113641336728067088e+00,8.328196223829480687e+02
2.802734375000000000e-01,5.113134560323278066e+00,8.328145864857513061e+02
2.822265625000000000e-01,5.112625343625047947e+00,8.328095249898793782e+02
2.841796875000000000e-01,5.112113707783630723e+00,8.328044380856582620e+02
2.861328125000000000e-01,5.111599674033705298e+00,8.327993259643714055e+02
2.880859375000000000e-01,5.111083263693196876e+00,8.327941888182557477e+02
2.900390625000000000e-01,5.110564498162241343e+00,8.327890268404903509e+02
2.919921875000000000e-01,5.110043398922012869e+00,8.327838402251867365e+02
2.939453125000000000e-01,5.109519987533670538e+00,8.327786291673880896e+02
2.958984375000000000e-01,5.108994285637212585e+00,8.327733938630573221e+02
2.978515625000000000e-01,5.108466314950370624e+00,8.327681345090733203e+02
2.998046875000000000e-01,5.107936097267488762e+00,8.327628513032176443e+02
3.017578125000000000e-01,5.107403654458456899e+00,8.327575444441749823e+02
3.037109375000000000e-01,5.106869008467506355e+00,8.327522141315193949e+02
3.056640625000000000e-01,5.106332181312171592e+00,8.327468605657081753e+02
3.076171875000000000e-01,5.105793195082156899e+00,8.327414839480771889e+02
3.095703125000000000e-01,5.105252071938151559e+00,8.327360844808307547e+02
3.115234375000000000e-01,5.104708834110821769e+00,8.327306623670324370e+02
3.134765625000000000e-01,5.104163503899584953e+00,8.327252178106072051e+02
3.154296875000000000e-01,5.103616103671565263e+00,8.327197510163160814e+02
3.173828125000000000e-01,5.103066655860440726e+00,8.327142621897640993e+02
3.193359375000000000e-01,5.102515182965305485e+00,8.327087515373880251e+02
3.212890625000000000e-01,5.101961707549567571e+00,8.327032192664444210e+02
3.232421875000000000e-01,5.101406252239839567e+00,8.326976655850090765e+02
3.251953125000000000e-01,5.100848839724800854e+00,8.326920907019598417e+02
3.271484375000000000e-01,5.100289492754059850e+00,8.326864948269807201e+02
3.291015625000000000e-01,5.099728234137066885e+00,8.326808781705429965e+02
3.310546875000000000e-01,5.099165086741947128e+00,8.326752409439047824e+02
3.330078125000000000e-01,5.098600073494417018e+00,8.326695833590974871e+02
3.349609375000000000e-01,5.098033217376687354e+00,8.326639056289218388e+02
3.369140625000000000e-01,5.097464541426216300e+00,8.326582079669385621e+02
3.388671875000000000e-01,5.096894068734755479e+00,8.326524905874620117e+02
3.408203125000000000e-01,5.096321822447129612e+00,8.326467537055468711e+02
3.427734375000000000e-01,5.095747825760104988e+00,8.326409975369886070e+02
3.447265625000000000e-01,5.095172101921335184e+00,8.326352222983073261e+02
3.466796875000000000e-01,5.094594674228198450e+00,8.326294282067411814e+02
3.486328125000000000e-01,5.094015566026696362e+00,8.326236154802459168e+02
3.505859375000000000e-01,5.093434800710319621e+00,8.326177843374757686e+02
3.525390625000000000e-01,5.092852401718953814e+00,8.326119349977817592e+02
3.544921875000000000e-01,5.092268392537727451e+00,8.326060676812006704e+02
3.564453125000000000e-01,5.091682796695984337e+00,8.326001826084500408e+02
3.583984375000000000e-01,5.091095637766049897e+00,8.325942800009185021e+02
3.603515625000000000e-01,5.090506939362207106e+00,8.325883600806544109e+02
3.623046875000000000e-01,5.089916725139573828e+00,8.325824230703575495e+02
3.642578125000000000e-01,5.089325018792959732e+00,8.325764691933806034e+02
3.662109375000000000e-01,5.088731844055791598e+00,8.325704986737082436e+02
3.681640625000000000e-01,5.088137224698987104e+00,8.325645117359530332e+02
3.701171875000000000e-01,5.087541184529876581e+00,8.325585086053507666e+02
3.720703125000000000e-01,5.086943747391079462e+00,8.325524895077478504e+02
3.740234375000000000e-01,5.086344937159401169e+00,8.325464546695950503e+02
3.759765625000000000e-01,5.085744777744753087e+00,8.325404043179335076e+02
3.779296875000000000e-01,5.085143293089039673e+00,8.325343386803973544e+02
3.798828125000000000e-01,5.084540507165084655e+00,8.325282579851931359e+02
3.818359375000000000e-01,5.083936443975502151e+00,8.325221624610979916e+02
3.837890625000000000e-01,5.083331127551642403e+00,8.325160523374527202e+02
3.857421875000000000e-01,5.082724581952480669e+00,8.325099278441437036e+02
3.876953125000000000e-01,5.082116831263540746e+00,8.325037892116079092e+02
3.896484375000000000e-01,5.081507899595814060e+00,8.324976366708115165e+02
3.916015625000000000e-01,5.080897811084669868e+00,8.324914704532477572e+02
3.935546875000000000e-01,5.080286589888765469e+00,8.324852907909311170e+02
3.955078125000000000e-01,5.079674260189018575e+00,8.324790979163799420e+02
3.974609375000000000e-01,5.079060846187469558e+00,8.324728920626131412e+02
3.994140625000000000e-01,5.078446372106228957e+00,8.324666734631440477e+02
4.013671875000000000e-01,5.077830862186461403e+00,8.324604423519634793e+02
4.033203125000000000e-01,5.077214340687242533e+00,8.324541989635392838e+02
4.052734375000000000e-01,5.076596831884539363e+00,8.324479435328040609e+02
4.072265625000000000e-01,5.075978360070141804e+00,8.324416762951432247e+02
4.091796875000000000e-01,5.075358949550603960e+00,8.324353974863953454e+02
4.111328125000000000e-01,5.074738624646170315e+00,8.324291073428270238e+02
4.130859375000000000e-01,5.074117409689782754e+00,8.324228061011471027e+02
4.150390625000000000e-01,5.073495329025938361e+00,8.324164939984743796e+02
4.169921875000000000e-01,5.072872407009767493e+00,8.324101712723432911e+02
4.189453125000000000e-01,5.072248668005850725e+00,8.324038381606892472e+02
4.208984375000000000e-01,5.071624136387298698e+00,8.323974949018457892e+02
4.228515625000000000e-01,5.070998836534651666e+00,8.323911417345246946e+02
4.248046875000000000e-01,5.070372792834855424e+00,8.323847788978193876e+02
4.267578125000000000e-01,5.069746029680265664e+00,8.323784066311848164e+02
4.287109375000000000e-01,5.069118571467580381e+00,8.323720251744371126e+02
4.306640625000000000e-01,5.068490442596821133e+00,8.323656347677401754e+02
4.326171875000000000e-01,5.067861667470358711e+00,8.323592356516002155e+02
4.345703125000000000e-01,5.067232270491867752e+00,8.323528280668457455e+02
4.365234375000000000e-01,5.066602276065272470e+00,8.323464122546361068e+02
4.384765625000000000e-01,5.065971708593828282e+00,8.323399884564396416e+02
4.404296875000000000e-01,5.065340592479032900e+00,8.323335569140269854e+02
4.423828125000000000e-01,5.064708952119723051e+00,8.323271178694641321e+02
4.443359375000000000e-01,5.064076811910936726e+00,8.323206715651047034e+02
4.462890625000000000e-01,5.063444196243071183e+00,8.323142182435719860e+02
4.482421875000000000e-01,5.062811129500802032e+00,8.323077581477645026e+02
4.501953125000000000e-01,5.062177636062109798e+00,8.323012915208316826e+02
4.521484375000000000e-01,5.061543740297321570e+00,8.322948186061755678e+02
4.541015625000000000e-01,5.060909466568137560e+00,8.322883396474379651e+02
4.560546875000000000e-01,5.060274839226615917e+00,8.322818548884848724e+02
4.580078125000000000e-01,5.059639882614268558e+00,8.322753645734144357e+02
4.599609375000000000e-01,5.059004621061017559e+00,8.322688689465281868e+02
4.619140625000000000e-01,5.058369078884314973e+00,8.322623682523339994e+02
4.638671875000000000e-01,5.057733280388132968e+00,8.322558627355306271e+02
4.658203125000000000e-01,5.057097249862030353e+00,8.322493526410061122e+02
4.677734375000000000e-01,5.056461011580188014e+00,8.322428382138198231e+02
4.697265625000000000e-01,5.055824589800490543e+00,8.322363196991956329e+02
4.716796875000000000e-01,5.055188008763605190e+00,8.322297973425204418e+02
4.736328125000000000e-01,5.054551292691978226e+00,8.322232713893206437e+02
4.755859375000000000e-01,5.053914465788931665e+00,8.322167420852683790e+02
4.775390625000000000e-01,5.053277552237807058e+00,8.322102096761612984e+02
4.794921875000000000e-01,5.052640576200927214e+00,8.322036744079165373e+02
4.814453125000000000e-01,5.052003561818792399e+00,8.321971365265627583e+02
4.833984375000000000e-01,5.051366533209066922e+00,8.321905962782306005e+02
4.853515625000000000e-01,5.050729514465746028e+00,8.321840539091388109e+02
4.873046875000000000e-01,5.050092529658205542e+00,8.321775096655948118e+02
4.892578125000000000e-01,5.049455602830316359e+00,8.321709637939752611e+02
4.912109375000000000e-01,5.048818757999619322e+00,8.321644165407191167e+02
4.931640625000000000e-01,5.048182019156270073e+00,8.321578681523310479e+02
4.951171875000000000e-01,5.047545410262334720e+00,8.321513188753466466e+02
4.970703125000000000e-01,5.046908955250791529e+00,8.321447689563477752e+02
4.990234375000000000e-01,5.046272678024710245e+00,8.321382186419401705e+02
5.009765625000000000e-01,5.045636602456372799e+00,8.321316681787442349e+02
5.029296875000000000e-01,5.045000752386363807e+00,8.321251178133983331e+02
5.048828125000000000e-01,5.044365151622788979e+00,8.321185677925299160e+02
5.068359375000000000e-01,5.043729823940349632e+00,8.321120183627627966e+02
5.087890625000000000e-01,5.043094793079520244e+00,8.321054697706965726e+02
5.107421875000000000e-01,5.042460082745703787e+00,8.320989222629044662e+02
5.126953125000000000e-01,5.041825716608363095e+00,8.320923760859235472e+02
5.146484375000000000e-01,5.041191718300244595e+00,8.320858314862423413e+02
5.166015625000000000e-01,5.040558111416451936e+00,8.320792887102898021e+02
5.185546875000000000e-01,5.039924919513725676e+00,8.320727480044338336e+02
5.205078125000000000e-01,5.039292166109536453e+00,8.320662096149648050e+02
5.224609375000000000e-01,5.038659874681302497e+00,8.320596737880879346e+02
5.244140625000000000e-01,5.038028068665568071e+00,8.320531407699169222e+02
5.263671875000000000e-01,5.037396771457224531e+00,8.320466108064624677e+02
5.283203125000000000e-01,5.036766006408674556e+00,8.320400841436198789e+02
5.302734375000000000e-01,5.036135796829011468e+00,8.320335610271661153e+02
5.322265625000000000e-01,5.035506165983319349e+00,8.320270417027467147e+02
5.341796875000000000e-01,5.034877137091770649e+00,8.320205264158673799e+02
5.361328125000000000e-01,5.034248733328922754e+00,8.320140154118820419e+02
5.380859375000000000e-01,5.033620977822937270e+00,8.320075089359901312e+02
5.400390625000000000e-01,5.032993893654746920e+00,8.320010072332213440e+02
5.419921875000000000e-01,5.032367503857350322e+00,8.319945105484289343e+02
5.439453125000000000e-01,5.031741831415018851e+00,8.319880191262780045e+02
5.458984375000000000e-01,5.031116899262560338e+00,8.319815332112398210e+02
5.478515625000000000e-01,5.030492730284536584e+00,8.319750530475830601e+02
5.498046875000000000e-01,5.029869347314554595e+00,8.319685788793583470e+02
5.517578125000000000e-01,5.029246773134480542e+00,8.319621109503984826e+02
5.537109375000000000e-01,5.028625030473743429e+00,8.319556495042965025e+02
5.556640625000000000e-01,5.028004142008585475e+00,8.319491947844107926e+02
5.576171875000000000e-01,5.027384130361320480e+00,8.319427470338463309e+02
5.595703125000000000e-01,5.026765018099637494e+00,8.319363064954479796e+02
5.615234375000000000e-01,5.026146827735892941e+00,8.319298734117948015e+02
5.634765625000000000e-01,5.025529581726328132e+00,8.319234480251828927e+02
5.654296875000000000e-01,5.024913302470478627e+00,8.319170305776249279e+02
5.673828125000000000e-01,5.024298012310348227e+00,8.319106213108368593e+02
5.693359375000000000e-01,5.023683733529835216e+00,8.319042204662235918e+02
5.712890625000000000e-01,5.023070488353916119e+00,8.318978282848853496e+02
5.732421875000000000e-01,5.022458298948069277e+00,8.318914450075915283e+02
5.751953125000000000e-01,5.021847187417536773e+00,8.318850708747797853e+02
5.771484375000000000e-01,5.021237175806648523e+00,8.318787061265477405e+02
5.791015625000000000e-01,5.020628286098173909e+00,8.318723510026391068e+02
5.810546875000000000e-01,5.020020540212638771e+00,8.318660057424428942e+02
5.830078125000000000e-01,5.019413960007685915e+00,8.318596705849734008e+02
5.849609375000000000e-01,5.018808567277363686e+00,8.318533457688745330e+02
5.869140625000000000e-01,5.018204383751570852e+00,8.318470315323891100e+02
5.888671875000000000e-01,5.017601431095331854e+00,8.318407281133797824e+02
5.908203125000000000e-01,5.016999730908166200e+00,8.318344357492982226e+02
5.927734375000000000e-01,5.016399304723495156e+00,8.318281546771778494e+02
5.947265625000000000e-01,5.015800174007973844e+00,8.318218851336349644e+02
5.966796875000000000e-01,5.015202360160877504e+00,8.318156273548510171e+02
5.986328125000000000e-01,5.014605884513465561e+00,8.318093815765681711e+02
6.005859375000000000e-01,5.014010768328431844e+00,8.318031480340792996e+02
6.025390625000000000e-01,5.013417032799190487e+00,8.317969269622157071e+02
6.044921875000000000e-01,5.012824699049343913e+00,8.317907185953459930e+02
6.064453125000000000e-01,5.012233788132092194e+00,8.317845231673600210e+02
6.083984375000000000e-01,5.011644321029574023e+00,8.317783409116617577e+02
6.103515625000000000e-01,5.011056318652317820e+00,8.317721720611617684e+02
6.123046875000000000e-01,5.010469801838671522e+00,8.317660168482716472e+02
6.142578125000000000e-01,5.009884791354205724e+00,8.317598755048853718e+02
6.162109375000000000e-01,5.009301307891099952e+00,8.317537482623822598e+02
6.181640625000000000e-01,5.008719372067643505e+00,8.317476353516099152e+02
6.201171875000000000e-01,5.008139004427635932e+00,8.317415370028768393e+02
6.220703125000000000e-01,5.007560225439783075e+00,8.317354534459504976e+02
6.240234375000000000e-01,5.006983055497248536e+00,8.317293849100374246e+02
6.259765625000000000e-01,5.006407514916999091e+00,8.317233316237840199e+02
6.279296875000000000e-01,5.005833623939309085e+00,8.317172938152639290e+02
6.298828125000000000e-01,5.005261402727189335e+00,8.317112717119703120e+02
6.318359375000000000e-01,5.004690871365901295e+00,8.317052655408041346e+02
6.337890625000000000e-01,5.004122049862396615e+00,8.316992755280721212e+02
6.357421875000000000e-01,5.003554958144765585e+00,8.316933018994706117e+02
6.376953125000000000e-01,5.002989616061765510e+00,8.316873448800841970e+02
6.396484375000000000e-01,5.002426043382264709e+00,8.316814046943720768e+02
6.416015625000000000e-01,5.001864259794730039e+00,8.316754815661619205e+02
6.435546875000000000e-01,5.001304284906778364e+00,8.316695757186392939e+02
6.455078125000000000e-01,5.000746138244594796e+00,8.316636873743451588e+02
6.474609375000000000e-01,5.000189839252477952e+00,8.316578167551557499e+02
6.494140625000000000e-01,4.999635407292344347e+00,8.316519640822888277e+02
6.513671875000000000e-01,4.999082861643233677e+00,8.316461295762837835e+02
6.533203125000000000e-01,4.998532221500825656e+00,8.316403134569978874e+02
6.552734375000000000e-01,4.997983505976952401e+00,8.316345159435986716e+02
6.572265625000000000e-01,4.997436734099149902e+00,8.316287372545568815e+02
6.591796875000000000e-01,4.996891924810165087e+00,8.316229776076301050e+02
6.611328125000000000e-01,4.996349096967493963e+00,8.316172372198651601e+02
6.630859375000000000e-01,4.995808269342920660e+00,8.316115163075832015e+02
6.650390625000000000e-01,4.995269460622075108e+00,8.316058150863744913e+02
6.669921875000000000e-01,4.994732689403980075e+00,8.316001337710874850e+02
6.689453125000000000e-01,4.994197974200540457e+00,8.315944725758250797e+02
6.708984375000000000e-01,4.993665333436240417e+00,8.315888317139315404e+02
6.728515625000000000e-01,4.993134785447542079e+00,8.315832113979890892e+02
6.748046875000000000e-01,4.992606348482574674e+00,8.315776118398034669e+02
6.767578125000000000e-01,4.992080040700665577e+00,8.315720332504041608e+02
6.787109375000000000e-01,4.991555880171866910e+00,8.315664758400298524e+02
6.806640625000000000e-01,4.991033884876605597e+00,8.315609398181263714e+02
6.826171875000000000e-01,4.990514072705253490e+00,8.315554253933304381e+02
6.845703125000000000e-01,4.989996461457673504e+00,8.315499327734705730e+02
6.865234375000000000e-01,4.989481068842865241e+00,8.315444621655519768e+02
6.884765625000000000e-01,4.988967912478512012e+00,8.315390137757535740e+02
6.904296875000000000e-01,4.988457009890631788e+00,8.315335878094242616e+02
6.923828125000000000e-01,4.987948378513132219e+00,8.315281844710571022e+02
6.943359375000000000e-01,4.987442035687477571e+00,8.315228039643060356e+02
6.962890625000000000e-01,4.986937998662241078e+00,8.315174464919591628e+02
6.982421875000000000e-01,4.986436284592758561e+00,8.315121122559409059e+02
7.001953125000000000e-01,4.985936910540764266e+00,8.315068014573021173e+02
7.021484375000000000e-01,4.985439893473968098e+00,8.315015142962110986e+02
7.041015625000000000e-01,4.984945250265736760e+00,8.314962509719462105e+02
7.060546875000000000e-01,4.984452997694686971e+00,8.314910116828881428e+02
7.080078125000000000e-01,4.983963152444358613e+00,8.314857966265165032e+02
7.099609375000000000e-01,4.983475731102830153e+00,8.314806059993975396e+02
7.119140625000000000e-01,4.982990750162390903e+00,8.314754399971767498e+02
7.138671875000000000e-01,4.982508226019163544e+00,8.314702988145751306e+02
7.158203125000000000e-01,4.982028174972775503e+00,8.314651826453795138e+02
7.177734375000000000e-01,4.981550613226011670e+00,8.314600916824340402e+02
7.197265625000000000e-01,4.981075556884492883e+00,8.314550261176348158e+02
7.216796875000000000e-01,4.980603021956293119e+00,8.314499861419229774e+02
7.236328125000000000e-01,4.980133024351690807e+00,8.314449719452762793e+02
7.255859375000000000e-01,4.979665579882759374e+00,8.314399837167010219e+02
7.275390625000000000e-01,4.979200704263092803e+00,8.314350216442293231e+02
7.294921875000000000e-01,4.978738413107477001e+00,8.314300859149047938e+02
7.314453125000000000e-01,4.978278721931576278e+00,8.314251767147807186e+02
7.333984375000000000e-01,4.977821646151616264e+00,8.314202942289136899e+02
7.353515625000000000e-01,4.977367201084073045e+00,8.314154386413524662e+02
7.373046875000000000e-01,4.976915401945392503e+00,8.314106101351343341e+02
7.392578125000000000e-01,4.976466263851651917e+00,8.314058088922751040e+02
7.412109375000000000e-01,4.976019801818302390e+00,8.314010350937678595e+02
7.431640625000000000e-01,4.975576030759854440e+00,8.313962889195695425e+02
7.451171875000000000e-01,4.975134965489595551e+00,8.313915705485990202e+02
7.470703125000000000e-01,4.974696620719286422e+00,8.313868801587242388e+02
7.490234375000000000e-01,4.974261011058907833e+00,8.313822179267647243e+02
7.509765625000000000e-01,4.973828151016379095e+00,8.313775840284779406e+02
7.529296875000000000e-01,4.973398054997267614e+00,8.313729786385514444e+02
7.548828125000000000e-01,4.972970737304494016e+00,8.313684019306072059e+02
7.568359375000000000e-01,4.972546212138125199e+00,8.313638540771764838e+02
7.587890625000000000e-01,4.972124493595050154e+00,8.313593352497103979e+02
7.607421875000000000e-01,4.971705595668768574e+00,8.313548456185673103e+02
7.626953125000000000e-01,4.971289532249092424e+00,8.313503853530056631e+02
7.646484375000000000e-01,4.970876317121919463e+00,8.313459546211731777e+02
7.666015625000000000e-01,4.970465963968951684e+00,8.313415535901127669e+02
7.685546875000000000e-01,4.970058486367465278e+00,8.313371824257427534e+02
7.705078125000000000e-01,4.969653897790087704e+00,8.313328412928594844e+02
7.724609375000000000e-01,4.969252211604514358e+00,8.313285303551251673e+02
7.744140625000000000e-01,4.968853441073276755e+00,8.313242497750700295e+02
7.763671875000000000e-01,4.968457599353548026e+00,8.313199997140779942e+02
7.783203125000000000e-01,4.968064699496860470e+00,8.313157803323792905e+02
7.802734375000000000e-01,4.967674754448896834e+00,8.313115917890576156e+02
7.822265625000000000e-01,4.967287777049262054e+00,8.313074342420251241e+02
7.841796875000000000e-01,4.966903780031295845e+00,8.313033078480324320e+02
7.861328125000000000e-01,4.966522776021761842e+00,8.312992127626567935e+02
7.880859375000000000e-01,4.966144777540732136e+00,8.312951491402907322e+02
7.900390625000000000e-01,4.965769797001318153e+00,8.312911171341490899e+02
7.919921875000000000e-01,4.965397846709449503e+00,8.312871168962474258e+02
7.939453125000000000e-01,4.965028938863706998e+00,8.312831485774092926e+02
7.958984375000000000e-01,4.964663085555121036e+00,8.312792123272553226e+02
7.978515625000000000e-01,4.964300298766875841e+00,8.312753082941993625e+02
7.998046875000000000e-01,4.963940590374256168e+00,8.312714366254365359e+02
8.017578125000000000e-01,4.963583972144307133e+00,8.312675974669472225e+02
8.037109375000000000e-01,4.963230455735774704e+00,8.312637909634848938e+02
8.056640625000000000e-01,4.962880052698772637e+00,8.312600172585699738e+02
8.076171875000000000e-01,4.962532774474730068e+00,8.312562764944918854e+02
8.095703125000000000e-01,4.962188632396125954e+00,8.312525688122995007e+02
8.115234375000000000e-01,4.961847637686305212e+00,8.312488943517845428e+02
8.134765625000000000e-01,4.961509801459341951e+00,8.312452532515025041e+02
8.154296875000000000e-01,4.961175134719826296e+00,8.312416456487395635e+02
8.173828125000000000e-01,4.960843648362717850e+00,8.312380716795235003e+02
8.193359375000000000e-01,4.960515353173132524e+00,8.312345314786178960e+02
8.212890625000000000e-01,4.960190259826217307e+00,8.312310251795079239e+02
8.232421875000000000e-01,4.959868378886960194e+00,8.312275529144045549e+02
8.251953125000000000e-01,4.959549720810028539e+00,8.312241148142336442e+02
8.271484375000000000e-01,4.959234295939600301e+00,8.312207110086402508e+02
8.291015625000000000e-01,4.958922114509229040e+00,8.312173416259662417e+02
8.310546875000000000e-01,4.958613186641655624e+00,8.312140067932665488e+02
8.330078125000000000e-01,4.958307522348694540e+00,8.312107066362841579e+02
8.349609375000000000e-01,4.958005131531010967e+00,8.312074412794646605e+02
8.369140625000000000e-01,4.957706023978063037e+00,8.312042108459349947e+02
8.388671875000000000e-01,4.957410209367878906e+00,8.312010154575089018e+02
8.408203125000000000e-01,4.957117697266947509e+00,8.311978552346788547e+02
8.427734375000000000e-01,4.956828497130095101e+00,8.311947302966106008e+02
8.447265625000000000e-01,4.956542618300284531e+00,8.311916407611411159e+02
8.466796875000000000e-01,4.956260070008529972e+00,8.311885867447726923e+02
8.486328125000000000e-01,4.955980861373754820e+00,8.311855683626657765e+02
8.505859375000000000e-01,4.955705001402617604e+00,8.311825857286469272e+02
8.525390625000000000e-01,4.955432498989448931e+00,8.311796389551832362e+02
8.544921875000000000e-01,4.955163362916066738e+00,8.311767281533966525e+02
8.564453125000000000e-01,4.954897601851659061e+00,8.311738534330545463e+02
8.583984375000000000e-01,4.954635224352695211e+00,8.311710149025551573e+02
8.603515625000000000e-01,4.954376238862762349e+00,8.311682126689456709e+02
8.623046875000000000e-01,4.954120653712452693e+00,8.311654468378930005e+02
8.642578125000000000e-01,4.953868477119283575e+00,8.311627175137010681e+02
8.662109375000000000e-01,4.953619717187526916e+00,8.311600247992863615e+02
8.681640625000000000e-01,4.953374381908119517e+00,8.311573687961991936e+02
8.701171875000000000e-01,4.953132479158573354e+00,8.311547496045945991e+02
8.720703125000000000e-01,4.952894016702833468e+00,8.311521673232455214e+02
8.740234375000000000e-01,4.952659002191178494e+00,8.311496220495304215e+02
8.759765625000000000e-01,4.952427443160134501e+00,8.311471138794350964e+02
8.779296875000000000e-01,4.952199347032339993e+00,8.311446429075440392e+02
8.798828125000000000e-01,4.951974721116453537e+00,8.311422092270403255e+02
8.818359375000000000e-01,4.951753572607114684e+00,8.311398129297012929e+02
8.837890625000000000e-01,4.951535908584731693e+00,8.311374541058944487e+02
8.857421875000000000e-01,4.951321736015470876e+00,8.311351328445753097e+02
8.876953125000000000e-01,4.951111061751143794e+00,8.311328492332821725e+02
8.896484375000000000e-01,4.950903892529121109e+00,8.311306033581330439e+02
8.916015625000000000e-01,4.950700234972210012e+00,8.311283953038241634e+02
8.935546875000000000e-01,4.950500095588592941e+00,8.311262251536262511e+02
8.955078125000000000e-01,4.950303480771750309e+00,8.311240929893821203e+02
8.974609375000000000e-01,4.950110396800365464e+00,8.311219988914957639e+02
8.994140625000000000e-01,4.949920849838223447e+00,8.311199429389438365e+02
9.013671875000000000e-01,4.949734845934156802e+00,8.311179252092586012e+02
9.033203125000000000e-01,4.949552391021959430e+00,8.311159457785370250e+02
9.052734375000000000e-01,4.949373490920305763e+00,8.311140047214281594e+02
9.072265625000000000e-01,4.949198151332656614e+00,8.311121021111310938e+02
9.091796875000000000e-01,4.949026377847246749e+00,8.311102380194005264e+02
9.111328125000000000e-01,4.948858175936927672e+00,8.311084125165381238e+02
9.130859375000000000e-01,4.948693550959154308e+00,8.311066256713860412e+02
9.150390625000000000e-01,4.948532508155936149e+00,8.311048775513351075e+02
9.169921875000000000e-01,4.948375052653684492e+00,8.311031682223109556e+02
9.189453125000000000e-01,4.948221189463216874e+00,8.311014977487783426e+02
9.208984375000000000e-01,4.948070923479724215e+00,8.310998661937362613e+02
9.228515625000000000e-01,4.947924259482577192e+00,8.310982736187146429e+02
9.248046875000000000e-01,4.947781202135424827e+00,8.310967200837764040e+02
9.267578125000000000e-01,4.947641755986024847e+00,8.310952056475115342e+02
9.287109375000000000e-01,4.947505925466216148e+00,8.310937303670356187e+02
9.306640625000000000e-01,4.947373714891898366e+00,8.310922942979848358e+02
9.326171875000000000e-01,4.947245128462935959e+00,8.310908974945166392e+02
9.345703125000000000e-01,4.947120170263109351e+00,8.310895400093170338e+02
9.365234375000000000e-01,4.946998844260103390e+00,8.310882218935790888e+02
9.384765625000000000e-01,4.946881154305383888e+00,8.310869431970101004e+02
9.404296875000000000e-01,4.946767104134253579e+00,8.310857039678390947e+02
9.423828125000000000e-01,4.946656697365700239e+00,8.310845042528034128e+02
9.443359375000000000e-01,4.946549937502431327e+00,8.310833440971451864e+02
9.462890625000000000e-01,4.946446827930781609e+00,8.310822235446222521e+02
9.482421875000000000e-01,4.946347371920707836e+00,8.310811426374946222e+02
9.501953125000000000e-01,4.946251572625717685e+00,8.310801014165283505e+02
9.521484375000000000e-01,4.946159433082842227e+00,8.310790999209916663e+02
9.541015625000000000e-01,4.946070956212624381e+00,8.310781381886556574e+02
9.560546875000000000e-01,4.945986144819020325e+00,8.310772162557911997e+02
9.580078125000000000e-01,4.945905001589473216e+00,8.310763341571713454e+02
9.599609375000000000e-01,4.945827529094737329e+00,8.310754919260587030e+02
9.619140625000000000e-01,4.945753729788972208e+00,8.310746895942232868e+02
9.638671875000000000e-01,4.945683606009652955e+00,8.310739271919228486e+02
9.658203125000000000e-01,4.945617159977553356e+00,8.310732047479098128e+02
9.677734375000000000e-01,4.945554393796715686e+00,8.310725222894320723e+02
9.697265625000000000e-01,4.945495309454421395e+00,8.310718798422291229e+02
9.716796875000000000e-01,4.945439908821213315e+00,8.310712774305294488e+02
9.736328125000000000e-01,4.945388193650771314e+00,8.310707150770537055e+02
9.755859375000000000e-01,4.945340165580025982e+00,8.310701928030118779e+02
9.775390625000000000e-01,4.945295826129004979e+00,8.310697106280989601e+02
9.794921875000000000e-01,4.945255176700922739e+00,8.310692685705017766e+02
9.814453125000000000e-01,4.945218218582104086e+00,8.310688666468934116e+02
9.833984375000000000e-01,4.945184952941968248e+00,8.310685048724309354e+02
9.853515625000000000e-01,4.945155380833063496e+00,8.310681832607602928e+02
9.873046875000000000e-01,4.945129503190977438e+00,8.310679018240083451e+02
9.892578125000000000e-01,4.945107320834430276e+00,8.310676605727912829e+02
9.912109375000000000e-01,4.945088834465142469e+00,8.310674595162087144e+02
9.931640625000000000e-01,4.945074044667933322e+00,8.310672986618419600e+02
9.951171875000000000e-01,4.945062951910649041e+00,8.310671780157593957e+02
9.970703125000000000e-01,4.945055556544178721e+00,8.310670975825088362e+02
9.990234375000000000e-01,4.945051858802468558e+00,8.310670573651251516e+02
