e,id,n_si,phi_C,q_total,r_si,x,y,z
-0.19773400288737,0,7.3860864215925,0.050027041050512,-8.4919021367691,0.39062113377959,0.0078125,0,0
-0.19773405603997,1,7.3777200852592,0.05002697761338,-8.4930379450519,0.38948610047341,0.0234375,0,0
-0.19773416251406,2,7.361041544681,0.050026850750712,-8.4953060526417,0.38721953781757,0.0390625,0,0
-0.19773432262147,3,7.336158548605,0.050026660487399,-8.4986994306996,0.3838284646596,0.0546875,0,0
-0.19773453676669,4,7.3032314279366,0.050026406864997,-8.5032075104486,0.3793234349103,0.0703125,0,0
-0.19773480537567,5,7.2624715361469,0.050026089946721,-8.5088161571887,0.37371856367249,0.0859375,0,0
-0.19773512880838,6,7.2141391585802,0.050025709823998,-8.5155076430563,0.36703155467658,0.1015625,0,0
-0.19773550726091,7,7.1585408878683,0.050025266624476,-8.5232606242366,0.35928372331205,0.1171875,0,0
-0.19773594066356,8,7.0960264695397,0.050024760521369,-8.5320501290237,0.35050000885988,0.1328125,0,0
-0.1977364285817,9,7.0269851324242,0.050024191743997,-8.5418475633849,0.34070896926937,0.1484375,0,0
-0.19773697012596,10,6.9518414321504,0.050023560589348,-8.5526207405042,0.32994275200078,0.1640625,0,0
-0.19773756387754,11,6.8710506520154,0.050022867434467,-8.5643339401732,0.31823703506077,0.1796875,0,0
-0.1977382078338,12,6.7850938225658,0.050022112749468,-8.5769480029068,0.30563093334955,0.1953125,0,0
-0.19773889937745,13,6.6944724379564,0.050021297110926,-8.5904204623421,0.29216686675186,0.2109375,0,0
-0.19773963527152,14,6.5997029620909,0.050020421215421,-8.604705717934,0.27789038795102,0.2265625,0,0
-0.19774041168059,15,6.5013112293544,0.050019485892962,-8.6197552482754,0.26284996962819,0.2421875,0,0
-0.19774122421704,16,6.3998268523137,0.050018492120061,-8.6355178636573,0.24709675242048,0.2578125,0,0
-0.19774206800973,17,6.2957777513612,0.050017441032175,-8.651939994847,0.23068425665013,0.2734375,0,0
-0.19774293779147,18,6.1896849185923,0.050016333935293,-8.6689660135894,0.2136680623082,0.2890625,0,0
-0.19774382800049,19,6.0820575203621,0.050015172316429,-8.6865385791121,0.19610546300335,0.3046875,0,0
-0.19774473289105,20,5.9733884305124,0.050013957852806,-8.7045990039874,0.17805510051313,0.3203125,0,0
-0.19774564664758,21,5.864150270058,0.050012692419555,-8.7230876321147,0.15957658716869,0.3359375,0,0
-0.19774656349772,22,5.754792010291,0.05001137809575,-8.7419442213344,0.14073012355503,0.3515625,0,0
-0.19774747781936,23,5.6457361760211,0.050010017168678,-8.7611083232664,0.12157611893101,0.3671875,0,0
-0.19774838423819,24,5.537376665248,0.050008612136223,-8.7805196533432,0.102174821398,0.3828125,0,0
-0.19774927771248,25,5.4300771820753,0.050007165707315,-8.800118444634,0.082585964220196,0.3984375,0,0
-0.19775015360331,26,5.3241702620707,0.050005680800412,-8.8198457798805,0.062868433878709,0.4140625,0,0
-0.19775100772898,27,5.2199568542536,0.050004160540013,-8.839643897121,0.043079964485549,0.4296875,0,0
-0.19775183640339,28,5.1177064118976,0.050002608251243,-8.8594564653122,0.023276862152898,0.4453125,0,0
-0.19775263645886,29,5.0176574355808,0.050001027452557,-8.8792288274094,0.003513761862366,0.4609375,0,0
-0.19775340525436,30,4.9200184063603,0.049999421846655,-8.8989082093866,-0.016156581642639,0.4765625,0,0
-0.19775414067081,31,4.8249690443919,0.049997795309706,-8.9184438946353,-0.035683468371896,0.4921875,0,0
-0.19775484109513,32,4.7326618284065,0.049996151879004,-8.9377873640312,-0.055018393296844,0.5078125,0,0
-0.19775550539505,33,4.6432237137584,0.049994495739185,-8.9568924027015,-0.074115153277052,0.5234375,0,0
-0.19775613288671,34,4.5567579908069,0.049992831207149,-8.9757151751316,-0.092929922339303,0.5390625,0,0
-0.19775672329688,35,4.4733462306969,0.049991162715843,-8.9942142707306,-0.11142129742355,0.5546875,0,0
-0.19775727672174,36,4.3930502717211,0.049989494797047,-9.012350722327,-0.12955031706277,0.5703125,0,0
-0.19775779358371,37,4.3159142059832,0.049987832063327,-9.0300880003001,-0.14728045569863,0.5859375,0,0
-0.19775827458773,38,4.2419663326863,0.049986179189301,-9.0473919851819,-0.16457759646408,0.6015625,0,0
-0.19775872067823,39,4.1712210507941,0.049984540892378,-9.0642309216005,-0.18140998530232,0.6171875,0,0
-0.19775913299754,40,4.1036806698369,0.049982921913105,-9.0805753563989,-0.19774816925344,0.6328125,0,0
-0.19775951284664,41,4.0393371231292,0.049981326995271,-9.096398063664,-0.21356492164154,0.6484375,0,0
-0.19775986164853,42,3.9781735725465,0.049979760865901,-9.1116739592532,-0.22883515675055,0.6640625,0,0
-0.19776018091479,43,3.9201658982301,0.04997822821526,-9.1263800072311,-0.24353583639858,0.6796875,0,0
-0.19776047221519,44,3.8652840701578,0.049976733677001,-9.1404951204264,-0.25764587062172,0.6953125,0,0
-0.1977607371507,45,3.8134934014478,0.049975281808553,-9.154000057109,-0.27114601446712,0.7109375,0,0
-0.19776097732967,46,3.7647556856096,0.049973877071867,-9.1668773155724,-0.28401876268098,0.7265625,0,0
-0.19776119434706,47,3.7190302217632,0.049972523814607,-9.1791110281971,-0.29624824386627,0.7421875,0,0
-0.19776138976657,48,3.6762747331871,0.049971226251882,-9.1906868563644,-0.30782011548209,0.7578125,0,0
-0.19776156510554,49,3.6364461854844,0.049969988448602,-9.2015918874034,-0.31872146086592,0.7734375,0,0
-0.19776172182215,50,3.5995015112434,0.049968814302535,-9.2118145345738,-0.32894068928345,0.7890625,0,0
-0.19776186130488,51,3.5653982483685,0.049967707528119,-9.2213444409281,-0.33846743985028,0.8046875,0,0
-0.1977619848639,52,3.5340950993234,0.049966671641129,-9.2301723877543,-0.34729249002579,0.8203125,0,0
-0.19776209372406,53,3.5055524184157,0.049965709944215,-9.2382902081699,-0.35540766925254,0.8359375,0,0
-0.19776218901945,54,3.4797326339898,0.049964825513401,-9.2456907063301,-0.36280577820331,0.8515625,0,0
-0.19776227178904,55,3.456600612031,0.04996402118557,-9.2523675826161,-0.36948051400314,0.8671875,0,0
-0.19776234297343,56,3.4361239672394,0.04996329954699,-9.2583153650897,-0.37542640171258,0.8828125,0,0
-0.19776240341238,57,3.4182733271318,0.049962662922922,-9.2635293474324,-0.38063873229131,0.8984375,0,0
-0.19776245384307,58,3.4030225541981,0.049962113368333,-9.2680055335328,-0.38511350720602,0.9140625,0,0
-0.1977624948988,59,3.3903489305804,0.049961652659746,-9.2717405888411,-0.38884738980188,0.9296875,0,0
-0.19776252710815,60,3.38023330918,0.049961282288256,-9.2747317985749,-0.39183766352237,0.9453125,0,0
-0.19776255089445,61,3.3726602345251,0.049961003453701,-9.2769770328336,-0.39408219703502,0.9609375,0,0
-0.19776256657541,62,3.3676180361667,0.049960817060013,-9.2784747186599,-0.39557941630112,0.9765625,0,0
-0.1977625743629,63,3.3650988968071,0.049960723711743,-9.2792238190703,-0.39632828361303,0.9921875,0,0
