id,q,x,y,z
0,-8.293883975954,0,0,0
1,-8.3023454725014,0.0625,0,0
2,-8.3272013531092,0.125,0,0
3,-8.3669097648868,0.1875,0,0
4,-8.4190534382981,0.25,0,0
5,-8.4805742792713,0.3125,0,0
6,-8.5480793841861,0.375,0,0
7,-8.6181614825893,0.4375,0,0
8,-8.687669517142,0.5,0,0
9,-8.7538870609072,0.5625,0,0
10,-8.8146103313902,0.625,0,0
11,-8.8681442551421,0.6875,0,0
12,-8.913246369564,0.75,0,0
13,-8.9490470858322,0.8125,0,0
14,-8.974967546907,0.875,0,0
15,-8.9906482639565,0.9375,0,0
16,-8.9958954730265,1,0,0
